,date,year,month,day,dow,holiday,decade,prevcalls,sum,calls
0,2018-06-29,2018,6,29,4,1,3,0,1150735,1
1,2018-07-06,2018,7,6,4,1,1,1,1105857,4
2,2018-07-11,2018,7,11,2,1,2,4,1105857,3
3,2018-07-12,2018,7,12,3,1,2,3,1105857,2
4,2018-09-17,2018,9,17,0,0,2,2,919501,21
5,2018-09-18,2018,9,18,1,1,2,21,919501,2
6,2018-09-19,2018,9,19,2,0,2,2,919501,33
7,2018-09-20,2018,9,20,3,1,2,33,919501,2
8,2018-09-25,2018,9,25,1,1,2,2,919501,9
9,2018-09-27,2018,9,27,3,1,3,9,919501,9
10,2018-09-28,2018,9,28,4,1,3,9,919501,4
11,2018-10-03,2018,10,3,2,1,1,4,1164001,3
12,2018-10-04,2018,10,4,3,1,1,3,1164001,4
13,2018-10-05,2018,10,5,4,1,1,4,1164001,3
14,2018-10-08,2018,10,8,0,1,2,3,1164001,1
15,2018-10-11,2018,10,11,3,0,2,1,1164001,12
16,2018-10-12,2018,10,12,4,1,2,12,1164001,2
17,2018-10-16,2018,10,16,1,1,2,2,1164001,3
18,2018-10-29,2018,10,29,0,1,3,3,1164001,2
19,2018-11-16,2018,11,16,4,1,2,2,986931,1
20,2018-12-04,2018,12,4,1,1,1,1,1360442,1
21,2018-12-07,2018,12,7,4,1,2,1,1360442,1
22,2018-12-26,2018,12,26,2,1,3,1,1360442,5
23,2019-01-11,2019,1,11,4,1,1,5,882489,1
24,2019-01-15,2019,1,15,1,1,2,1,882489,1
25,2019-01-28,2019,1,28,0,1,3,1,882489,1
26,2019-02-01,2019,2,1,4,1,1,1,1075506,1
27,2019-02-05,2019,2,5,1,1,1,1,1075506,1
28,2019-02-21,2019,2,21,3,0,2,1,1075506,29
29,2019-02-22,2019,2,22,4,1,2,29,1075506,6
30,2019-04-05,2019,4,5,4,0,1,6,1417947,18
31,2019-04-08,2019,4,8,0,1,2,18,1417947,7
32,2019-04-12,2019,4,12,4,1,2,7,1417947,9
33,2019-04-15,2019,4,15,0,1,2,9,1417947,8
34,2019-04-17,2019,4,17,2,1,2,8,1417947,8
35,2019-04-18,2019,4,18,3,0,2,8,1417947,11
36,2019-04-19,2019,4,19,4,0,2,11,1417947,22
37,2019-04-22,2019,4,22,0,0,2,22,1417947,11
38,2019-04-23,2019,4,23,1,0,2,11,1417947,25
39,2019-04-24,2019,4,24,2,0,2,25,1417947,11
40,2019-04-25,2019,4,25,3,0,2,11,1417947,12
41,2019-04-26,2019,4,26,4,0,3,12,1417947,28
42,2019-04-27,2019,4,27,5,1,3,28,1417947,2
43,2019-04-29,2019,4,29,0,0,3,2,1417947,51
44,2019-04-30,2019,4,30,1,0,3,51,1417947,12
45,2019-05-06,2019,5,6,0,1,1,12,950184,7
46,2019-05-07,2019,5,7,1,0,2,7,950184,11
47,2019-05-08,2019,5,8,2,1,2,11,950184,6
48,2019-05-13,2019,5,13,0,0,2,6,950184,30
49,2019-05-14,2019,5,14,1,0,2,30,950184,19
50,2019-05-15,2019,5,15,2,0,2,19,950184,25
51,2019-05-16,2019,5,16,3,0,2,25,950184,28
52,2019-05-17,2019,5,17,4,0,2,28,950184,25
53,2019-05-20,2019,5,20,0,0,2,25,950184,53
54,2019-05-21,2019,5,21,1,0,2,53,950184,46
55,2019-05-22,2019,5,22,2,1,2,46,950184,8
56,2019-05-23,2019,5,23,3,0,2,8,950184,20
57,2019-05-24,2019,5,24,4,1,2,20,950184,3
58,2019-05-27,2019,5,27,0,0,3,3,950184,18
59,2019-05-28,2019,5,28,1,1,3,18,950184,6
60,2019-05-29,2019,5,29,2,1,3,6,950184,3
61,2019-05-30,2019,5,30,3,0,3,3,950184,17
62,2019-05-31,2019,5,31,4,1,3,17,950184,6
63,2019-06-03,2019,6,3,0,1,1,6,1065374,6
64,2019-06-04,2019,6,4,1,0,1,6,1065374,15
65,2019-06-05,2019,6,5,2,1,1,15,1065374,9
66,2019-06-06,2019,6,6,3,1,1,9,1065374,7
67,2019-06-07,2019,6,7,4,0,2,7,1065374,15
68,2019-06-10,2019,6,10,0,1,2,15,1065374,5
69,2019-06-11,2019,6,11,1,1,2,5,1065374,9
70,2019-06-13,2019,6,13,3,0,2,9,1065374,15
71,2019-06-14,2019,6,14,4,1,2,15,1065374,6
72,2019-06-17,2019,6,17,0,1,2,6,1065374,6
73,2019-06-18,2019,6,18,1,1,2,6,1065374,6
74,2019-06-19,2019,6,19,2,1,2,6,1065374,1
75,2019-06-20,2019,6,20,3,1,2,1,1065374,1
76,2019-06-21,2019,6,21,4,0,2,1,1065374,10
77,2019-06-24,2019,6,24,0,1,2,10,1065374,6
78,2019-06-25,2019,6,25,1,1,2,6,1065374,8
79,2019-06-26,2019,6,26,2,1,3,8,1065374,9
80,2019-06-27,2019,6,27,3,1,3,9,1065374,4
81,2019-07-02,2019,7,2,1,1,1,4,1032027,1
82,2019-07-04,2019,7,4,3,1,1,1,1032027,3
83,2019-07-05,2019,7,5,4,1,1,3,1032027,6
84,2019-07-09,2019,7,9,1,1,2,6,1032027,3
85,2019-07-11,2019,7,11,3,1,2,3,1032027,5
86,2019-07-12,2019,7,12,4,1,2,5,1032027,7
87,2019-07-15,2019,7,15,0,1,2,7,1032027,7
88,2019-07-16,2019,7,16,1,0,2,7,1032027,14
89,2019-07-18,2019,7,18,3,1,2,14,1032027,5
90,2019-07-19,2019,7,19,4,1,2,5,1032027,2
91,2019-08-01,2019,8,1,3,1,1,2,1157662,1
92,2019-08-02,2019,8,2,4,1,1,1,1157662,1
93,2019-08-07,2019,8,7,2,1,2,1,1157662,6
94,2019-08-08,2019,8,8,3,1,2,6,1157662,2
95,2019-08-09,2019,8,9,4,1,2,2,1157662,3
96,2019-08-13,2019,8,13,1,1,2,3,1157662,1
97,2019-08-14,2019,8,14,2,1,2,1,1157662,2
98,2019-08-16,2019,8,16,4,1,2,2,1157662,1
99,2019-08-23,2019,8,23,4,1,2,1,1157662,4
100,2019-08-26,2019,8,26,0,1,3,4,1157662,3
101,2019-08-28,2019,8,28,2,1,3,3,1157662,4
102,2019-08-30,2019,8,30,4,1,3,4,1157662,1
103,2019-09-02,2019,9,2,0,1,1,1,937744,2
104,2019-09-03,2019,9,3,1,1,1,2,937744,1
105,2019-09-05,2019,9,5,3,1,1,1,937744,1
106,2019-09-06,2019,9,6,4,1,1,1,937744,1
107,2019-09-09,2019,9,9,0,1,2,1,937744,1
108,2019-09-10,2019,9,10,1,1,2,1,937744,6
109,2019-09-12,2019,9,12,3,0,2,6,937744,19
110,2019-09-13,2019,9,13,4,1,2,19,937744,5
111,2019-09-17,2019,9,17,1,1,2,5,937744,9
112,2019-09-18,2019,9,18,2,1,2,9,937744,2
113,2019-09-25,2019,9,25,2,1,2,2,937744,5
114,2019-10-02,2019,10,2,2,1,1,5,1133053,3
115,2019-10-03,2019,10,3,3,1,1,3,1133053,1
116,2019-10-04,2019,10,4,4,1,1,1,1133053,6
117,2019-10-07,2019,10,7,0,1,2,6,1133053,6
118,2019-10-08,2019,10,8,1,1,2,6,1133053,8
119,2019-10-09,2019,10,9,2,1,2,8,1133053,2
120,2019-10-10,2019,10,10,3,1,2,2,1133053,3
121,2019-10-11,2019,10,11,4,1,2,3,1133053,2
122,2019-10-14,2019,10,14,0,1,2,2,1133053,4
123,2019-10-15,2019,10,15,1,1,2,4,1133053,1
124,2019-10-21,2019,10,21,0,1,2,1,1133053,2
125,2019-10-22,2019,10,22,1,1,2,2,1133053,1
126,2019-10-25,2019,10,25,4,1,2,1,1133053,4
127,2019-10-28,2019,10,28,0,1,3,4,1133053,6
128,2019-10-29,2019,10,29,1,1,3,6,1133053,2
129,2019-10-30,2019,10,30,2,1,3,2,1133053,3
130,2019-10-31,2019,10,31,3,1,3,3,1133053,5
131,2019-11-01,2019,11,1,4,1,1,5,1069926,2
132,2019-11-05,2019,11,5,1,1,1,2,1069926,1
133,2019-11-06,2019,11,6,2,1,1,1,1069926,1
134,2019-11-07,2019,11,7,3,1,2,1,1069926,3
135,2019-11-11,2019,11,11,0,1,2,3,1069926,2
136,2019-11-13,2019,11,13,2,1,2,2,1069926,4
137,2019-11-15,2019,11,15,4,1,2,4,1069926,1
138,2019-11-18,2019,11,18,0,1,2,1,1069926,2
139,2019-11-19,2019,11,19,1,1,2,2,1069926,9
140,2019-11-20,2019,11,20,2,0,2,9,1069926,18
141,2019-11-21,2019,11,21,3,1,2,18,1069926,4
142,2019-11-22,2019,11,22,4,1,2,4,1069926,2
143,2019-11-26,2019,11,26,1,1,3,2,1069926,4
144,2019-11-27,2019,11,27,2,0,3,4,1069926,10
145,2019-11-28,2019,11,28,3,0,3,10,1069926,14
146,2019-11-29,2019,11,29,4,1,3,14,1069926,1
147,2019-12-02,2019,12,2,0,1,1,1,1084682,3
148,2019-12-03,2019,12,3,1,1,1,3,1084682,6
149,2019-12-04,2019,12,4,2,1,1,6,1084682,8
150,2019-12-05,2019,12,5,3,1,1,8,1084682,3
151,2019-12-06,2019,12,6,4,1,1,3,1084682,1
152,2019-12-09,2019,12,9,0,1,2,1,1084682,9
153,2019-12-12,2019,12,12,3,0,2,9,1084682,11
154,2019-12-20,2019,12,20,4,1,2,11,1084682,2
155,2020-12-30,2020,12,30,2,0,3,2,1377753,38
156,2020-12-31,2020,12,31,3,0,3,38,1377753,14
157,2019-12-31,2019,12,31,1,1,3,14,1084682,1
158,2020-01-10,2020,1,10,4,1,1,1,1087266,2
159,2020-01-13,2020,1,13,0,1,1,2,1087266,3
160,2020-01-14,2020,1,14,1,1,1,3,1087266,8
161,2020-01-15,2020,1,15,2,1,2,8,1087266,5
162,2020-01-16,2020,1,16,3,0,2,5,1087266,11
163,2020-01-17,2020,1,17,4,0,2,11,1087266,23
164,2020-01-20,2020,1,20,0,1,2,23,1087266,7
165,2020-01-21,2020,1,21,1,1,2,7,1087266,6
166,2020-01-22,2020,1,22,2,0,2,6,1087266,10
167,2020-01-23,2020,1,23,3,1,2,10,1087266,6
168,2020-01-24,2020,1,24,4,1,2,6,1087266,8
169,2020-01-27,2020,1,27,0,1,3,8,1087266,2
170,2020-01-28,2020,1,28,1,0,3,2,1087266,10
171,2020-01-29,2020,1,29,2,1,3,10,1087266,2
172,2020-01-30,2020,1,30,3,1,3,2,1087266,6
173,2020-01-31,2020,1,31,4,1,3,6,1087266,6
174,2020-02-03,2020,2,3,0,1,1,6,1014503,5
175,2020-02-05,2020,2,5,2,0,1,5,1014503,12
176,2020-02-06,2020,2,6,3,1,1,12,1014503,1
177,2020-02-07,2020,2,7,4,0,2,1,1014503,15
178,2020-02-10,2020,2,10,0,1,2,15,1014503,1
179,2020-02-11,2020,2,11,1,1,2,1,1014503,4
180,2020-02-12,2020,2,12,2,1,2,4,1014503,3
181,2020-02-13,2020,2,13,3,1,2,3,1014503,1
182,2020-02-14,2020,2,14,4,1,2,1,1014503,2
183,2020-02-17,2020,2,17,0,1,2,2,1014503,4
184,2020-02-18,2020,2,18,1,1,2,4,1014503,4
185,2020-02-19,2020,2,19,2,1,2,4,1014503,1
186,2020-02-21,2020,2,21,4,1,2,1,1014503,2
187,2020-02-26,2020,2,26,2,1,3,2,1014503,6
188,2020-02-27,2020,2,27,3,1,3,6,1014503,2
189,2020-02-28,2020,2,28,4,1,3,2,1014503,4
190,2020-03-02,2020,3,2,0,1,1,4,1078909,5
191,2020-03-03,2020,3,3,1,1,1,5,1078909,3
192,2020-03-04,2020,3,4,2,1,1,3,1078909,2
193,2020-03-05,2020,3,5,3,1,1,2,1078909,6
194,2020-03-06,2020,3,6,4,1,1,6,1078909,2
195,2020-03-10,2020,3,10,1,1,2,2,1078909,5
196,2020-03-11,2020,3,11,2,0,2,5,1078909,12
197,2020-03-12,2020,3,12,3,1,2,12,1078909,4
198,2020-03-13,2020,3,13,4,1,2,4,1078909,5
199,2020-03-16,2020,3,16,0,1,2,5,1078909,8
200,2020-03-17,2020,3,17,1,1,2,8,1078909,8
201,2020-03-18,2020,3,18,2,1,2,8,1078909,2
202,2020-03-19,2020,3,19,3,1,2,2,1078909,1
203,2020-03-20,2020,3,20,4,1,2,1,1078909,3
204,2020-03-23,2020,3,23,0,0,2,3,1078909,25
205,2020-03-24,2020,3,24,1,1,2,25,1078909,5
206,2020-03-25,2020,3,25,2,1,2,5,1078909,4
207,2020-03-26,2020,3,26,3,1,3,4,1078909,9
208,2020-03-27,2020,3,27,4,0,3,9,1078909,43
209,2020-03-30,2020,3,30,0,0,3,43,1078909,67
210,2020-03-31,2020,3,31,1,0,3,67,1078909,23
211,2020-04-01,2020,4,1,2,0,1,23,1290820,118
212,2020-04-02,2020,4,2,3,0,1,118,1290820,89
213,2020-04-03,2020,4,3,4,0,1,89,1290820,107
214,2020-04-06,2020,4,6,0,0,1,107,1290820,143
215,2020-04-07,2020,4,7,1,0,2,143,1290820,104
216,2020-04-08,2020,4,8,2,0,2,104,1290820,71
217,2020-04-09,2020,4,9,3,0,2,71,1290820,82
218,2020-04-10,2020,4,10,4,0,2,82,1290820,56
219,2020-04-13,2020,4,13,0,0,2,56,1290820,80
220,2020-04-14,2020,4,14,1,0,2,80,1290820,61
221,2020-04-15,2020,4,15,2,0,2,61,1290820,71
222,2020-04-16,2020,4,16,3,0,2,71,1290820,60
223,2020-04-17,2020,4,17,4,0,2,60,1290820,96
224,2020-04-18,2020,4,18,5,1,2,96,1290820,1
225,2020-04-20,2020,4,20,0,0,2,1,1290820,57
226,2020-04-21,2020,4,21,1,0,2,57,1290820,63
227,2020-04-22,2020,4,22,2,0,2,63,1290820,55
228,2020-04-23,2020,4,23,3,0,2,55,1290820,59
229,2020-04-24,2020,4,24,4,0,2,59,1290820,73
230,2020-04-27,2020,4,27,0,0,3,73,1290820,57
231,2020-04-28,2020,4,28,1,0,3,57,1290820,50
232,2020-04-29,2020,4,29,2,0,3,50,1290820,58
233,2020-04-30,2020,4,30,3,0,3,58,1290820,46
234,2020-05-02,2020,5,2,5,1,1,46,929091,2
235,2020-05-06,2020,5,6,2,0,1,2,929091,41
236,2020-05-07,2020,5,7,3,0,2,41,929091,24
237,2020-05-08,2020,5,8,4,0,2,24,929091,47
238,2020-05-12,2020,5,12,1,0,2,47,929091,85
239,2020-05-13,2020,5,13,2,0,2,85,929091,65
240,2020-05-14,2020,5,14,3,0,2,65,929091,60
241,2020-05-15,2020,5,15,4,0,2,60,929091,62
242,2020-05-18,2020,5,18,0,0,2,62,929091,69
243,2020-05-19,2020,5,19,1,0,2,69,929091,62
244,2020-05-20,2020,5,20,2,0,2,62,929091,64
245,2020-05-21,2020,5,21,3,0,2,64,929091,43
246,2020-05-22,2020,5,22,4,0,2,43,929091,54
247,2020-05-25,2020,5,25,0,0,2,54,929091,48
248,2020-05-26,2020,5,26,1,0,3,48,929091,54
249,2020-05-27,2020,5,27,2,0,3,54,929091,62
250,2020-05-28,2020,5,28,3,0,3,62,929091,45
251,2020-05-29,2020,5,29,4,0,3,45,929091,58
252,2020-06-01,2020,6,1,0,0,1,58,910197,111
253,2020-06-02,2020,6,2,1,0,1,111,910197,60
254,2020-06-03,2020,6,3,2,0,1,60,910197,57
255,2020-06-04,2020,6,4,3,0,1,57,910197,47
256,2020-06-05,2020,6,5,4,0,1,47,910197,66
257,2020-06-08,2020,6,8,0,0,2,66,910197,73
258,2020-06-09,2020,6,9,1,0,2,73,910197,58
259,2020-06-10,2020,6,10,2,0,2,58,910197,37
260,2020-06-11,2020,6,11,3,0,2,37,910197,58
261,2020-06-12,2020,6,12,4,1,2,58,910197,3
262,2020-06-15,2020,6,15,0,0,2,3,910197,65
263,2020-06-16,2020,6,16,1,0,2,65,910197,50
264,2020-06-17,2020,6,17,2,0,2,50,910197,59
265,2020-06-18,2020,6,18,3,0,2,59,910197,36
266,2020-06-19,2020,6,19,4,0,2,36,910197,43
267,2020-06-22,2020,6,22,0,0,2,43,910197,56
268,2020-06-23,2020,6,23,1,0,2,56,910197,53
269,2020-06-25,2020,6,25,3,0,2,53,910197,52
270,2020-06-26,2020,6,26,4,0,3,52,910197,48
271,2020-06-29,2020,6,29,0,0,3,48,910197,65
272,2020-06-30,2020,6,30,1,0,3,65,910197,76
273,2020-07-02,2020,7,2,3,0,1,76,1177307,47
274,2020-07-03,2020,7,3,4,0,1,47,1177307,65
275,2020-07-04,2020,7,4,5,1,1,65,1177307,2
276,2020-07-06,2020,7,6,0,0,1,2,1177307,59
277,2020-07-07,2020,7,7,1,0,2,59,1177307,67
278,2020-07-08,2020,7,8,2,0,2,67,1177307,70
279,2020-07-09,2020,7,9,3,0,2,70,1177307,44
280,2020-07-10,2020,7,10,4,0,2,44,1177307,42
281,2020-07-11,2020,7,11,5,1,2,42,1177307,1
282,2020-07-13,2020,7,13,0,0,2,1,1177307,83
283,2020-07-14,2020,7,14,1,0,2,83,1177307,69
284,2020-07-15,2020,7,15,2,0,2,69,1177307,53
285,2020-07-16,2020,7,16,3,0,2,53,1177307,65
286,2020-07-17,2020,7,17,4,0,2,65,1177307,56
287,2020-07-19,2020,7,19,6,1,2,56,1177307,1
288,2020-07-20,2020,7,20,0,0,2,1,1177307,55
289,2020-07-21,2020,7,21,1,0,2,55,1177307,41
290,2020-07-22,2020,7,22,2,0,2,41,1177307,57
291,2020-07-23,2020,7,23,3,0,2,57,1177307,54
292,2020-07-24,2020,7,24,4,0,2,54,1177307,59
293,2020-07-26,2020,7,26,6,1,3,59,1177307,1
294,2020-07-27,2020,7,27,0,0,3,1,1177307,53
295,2020-07-28,2020,7,28,1,0,3,53,1177307,72
296,2020-07-29,2020,7,29,2,0,3,72,1177307,66
297,2020-07-30,2020,7,30,3,0,3,66,1177307,46
298,2020-07-31,2020,7,31,4,0,3,46,1177307,34
299,2020-08-01,2020,8,1,5,1,1,34,1056180,1
300,2020-08-03,2020,8,3,0,0,1,1,1056180,67
301,2020-08-04,2020,8,4,1,0,1,67,1056180,43
302,2020-08-05,2020,8,5,2,0,1,43,1056180,68
303,2020-08-06,2020,8,6,3,0,1,68,1056180,55
304,2020-08-07,2020,8,7,4,0,2,55,1056180,42
305,2020-08-08,2020,8,8,5,1,2,42,1056180,1
306,2020-08-10,2020,8,10,0,0,2,1,1056180,46
307,2020-08-11,2020,8,11,1,0,2,46,1056180,40
308,2020-08-12,2020,8,12,2,0,2,40,1056180,63
309,2020-08-13,2020,8,13,3,0,2,63,1056180,46
310,2020-08-14,2020,8,14,4,0,2,46,1056180,28
311,2020-08-17,2020,8,17,0,0,2,28,1056180,68
312,2020-08-18,2020,8,18,1,0,2,68,1056180,45
313,2020-08-19,2020,8,19,2,0,2,45,1056180,60
314,2020-08-20,2020,8,20,3,0,2,60,1056180,43
315,2020-08-21,2020,8,21,4,0,2,43,1056180,42
316,2020-08-24,2020,8,24,0,0,2,42,1056180,48
317,2020-08-25,2020,8,25,1,0,2,48,1056180,73
318,2020-08-26,2020,8,26,2,0,3,73,1056180,75
319,2020-08-27,2020,8,27,3,0,3,75,1056180,52
320,2020-08-28,2020,8,28,4,0,3,52,1056180,56
321,2020-08-31,2020,8,31,0,0,3,56,1056180,74
322,2020-09-01,2020,9,1,1,0,1,74,1222545,66
323,2020-09-02,2020,9,2,2,0,1,66,1222545,55
324,2020-09-03,2020,9,3,3,0,1,55,1222545,46
325,2020-09-04,2020,9,4,4,0,1,46,1222545,46
326,2020-09-07,2020,9,7,0,0,2,46,1222545,61
327,2020-09-08,2020,9,8,1,0,2,61,1222545,70
328,2020-09-09,2020,9,9,2,0,2,70,1222545,41
329,2020-09-10,2020,9,10,3,0,2,41,1222545,37
330,2020-09-11,2020,9,11,4,0,2,37,1222545,33
331,2020-09-14,2020,9,14,0,0,2,33,1222545,59
332,2020-09-15,2020,9,15,1,0,2,59,1222545,48
333,2020-09-16,2020,9,16,2,0,2,48,1222545,57
334,2020-09-17,2020,9,17,3,0,2,57,1222545,52
335,2020-09-18,2020,9,18,4,0,2,52,1222545,35
336,2020-09-19,2020,9,19,5,1,2,35,1222545,1
337,2020-09-21,2020,9,21,0,0,2,1,1222545,36
338,2020-09-22,2020,9,22,1,0,2,36,1222545,40
339,2020-09-23,2020,9,23,2,0,2,40,1222545,68
340,2020-09-24,2020,9,24,3,0,2,68,1222545,51
341,2020-09-25,2020,9,25,4,0,2,51,1222545,69
342,2020-09-27,2020,9,27,6,1,3,69,1222545,2
343,2020-09-28,2020,9,28,0,0,3,2,1222545,92
344,2020-09-29,2020,9,29,1,0,3,92,1222545,69
345,2020-09-30,2020,9,30,2,0,3,69,1222545,69
346,2020-10-01,2020,10,1,3,0,1,69,1169082,48
347,2020-10-02,2020,10,2,4,0,1,48,1169082,94
348,2020-10-03,2020,10,3,5,1,1,94,1169082,1
349,2020-10-05,2020,10,5,0,0,1,1,1169082,56
350,2020-10-06,2020,10,6,1,0,1,56,1169082,49
351,2020-10-07,2020,10,7,2,0,2,49,1169082,71
352,2020-10-08,2020,10,8,3,0,2,71,1169082,57
353,2020-10-09,2020,10,9,4,0,2,57,1169082,50
354,2020-10-12,2020,10,12,0,0,2,50,1169082,66
355,2020-10-13,2020,10,13,1,0,2,66,1169082,47
356,2020-10-14,2020,10,14,2,0,2,47,1169082,66
357,2020-10-15,2020,10,15,3,0,2,66,1169082,69
358,2020-10-16,2020,10,16,4,0,2,69,1169082,61
359,2020-10-17,2020,10,17,5,1,2,61,1169082,1
360,2020-10-19,2020,10,19,0,0,2,1,1169082,36
361,2020-10-20,2020,10,20,1,0,2,36,1169082,52
362,2020-10-21,2020,10,21,2,0,2,52,1169082,48
363,2020-10-22,2020,10,22,3,0,2,48,1169082,30
364,2020-10-23,2020,10,23,4,0,2,30,1169082,52
365,2020-10-26,2020,10,26,0,0,3,52,1169082,41
366,2020-10-27,2020,10,27,1,0,3,41,1169082,50
367,2020-10-28,2020,10,28,2,0,3,50,1169082,46
368,2020-10-29,2020,10,29,3,0,3,46,1169082,47
369,2020-10-30,2020,10,30,4,0,3,47,1169082,45
370,2020-11-02,2020,11,2,0,0,1,45,1065290,71
371,2020-11-03,2020,11,3,1,0,1,71,1065290,46
372,2020-11-05,2020,11,5,3,0,1,46,1065290,62
373,2020-11-06,2020,11,6,4,0,1,62,1065290,62
374,2020-11-09,2020,11,9,0,0,2,62,1065290,48
375,2020-11-10,2020,11,10,1,0,2,48,1065290,50
376,2020-11-11,2020,11,11,2,0,2,50,1065290,42
377,2020-11-12,2020,11,12,3,0,2,42,1065290,42
378,2020-11-13,2020,11,13,4,0,2,42,1065290,38
379,2020-11-15,2020,11,15,6,1,2,38,1065290,1
380,2020-11-16,2020,11,16,0,0,2,1,1065290,49
381,2020-11-17,2020,11,17,1,0,2,49,1065290,49
382,2020-11-18,2020,11,18,2,0,2,49,1065290,51
383,2020-11-19,2020,11,19,3,0,2,51,1065290,45
384,2020-11-20,2020,11,20,4,0,2,45,1065290,55
385,2020-11-23,2020,11,23,0,0,2,55,1065290,43
386,2020-11-24,2020,11,24,1,0,2,43,1065290,74
387,2020-11-25,2020,11,25,2,0,2,74,1065290,44
388,2020-11-26,2020,11,26,3,0,3,44,1065290,48
389,2020-11-27,2020,11,27,4,0,3,48,1065290,56
390,2020-11-30,2020,11,30,0,0,3,56,1065290,51
391,2020-12-01,2020,12,1,1,0,1,51,1377753,56
392,2020-12-02,2020,12,2,2,0,1,56,1377753,71
393,2020-12-03,2020,12,3,3,0,1,71,1377753,52
394,2020-12-04,2020,12,4,4,0,1,52,1377753,59
395,2020-12-07,2020,12,7,0,0,2,59,1377753,69
396,2020-12-08,2020,12,8,1,0,2,69,1377753,55
397,2020-12-09,2020,12,9,2,0,2,55,1377753,51
398,2020-12-10,2020,12,10,3,0,2,51,1377753,79
399,2020-12-11,2020,12,11,4,0,2,79,1377753,61
400,2020-12-12,2020,12,12,5,1,2,61,1377753,2
401,2020-12-14,2020,12,14,0,0,2,2,1377753,49
402,2020-12-15,2020,12,15,1,0,2,49,1377753,58
403,2020-12-16,2020,12,16,2,0,2,58,1377753,47
404,2020-12-17,2020,12,17,3,0,2,47,1377753,57
405,2020-12-18,2020,12,18,4,0,2,57,1377753,72
406,2020-12-21,2020,12,21,0,0,2,72,1377753,70
407,2020-12-22,2020,12,22,1,0,2,70,1377753,54
408,2020-12-23,2020,12,23,2,0,2,54,1377753,61
409,2020-12-24,2020,12,24,3,0,2,61,1377753,45
410,2020-12-25,2020,12,25,4,0,2,45,1377753,46
411,2020-12-26,2020,12,26,5,1,3,46,1377753,4
412,2020-12-28,2020,12,28,0,0,3,4,1377753,49
413,2020-12-29,2020,12,29,1,0,3,49,1377753,50
414,2021-01-02,2021,1,2,5,1,1,50,972462,2
415,2021-01-04,2021,1,4,0,1,1,2,972462,6
416,2021-01-05,2021,1,5,1,1,1,6,972462,3
417,2021-01-06,2021,1,6,2,1,1,3,972462,6
418,2021-01-11,2021,1,11,0,0,1,6,972462,86
419,2021-01-12,2021,1,12,1,0,1,86,972462,59
420,2021-01-13,2021,1,13,2,0,1,59,972462,52
421,2021-01-14,2021,1,14,3,0,1,52,972462,66
422,2021-01-15,2021,1,15,4,0,2,66,972462,53
423,2021-01-16,2021,1,16,5,1,2,53,972462,1
424,2021-01-18,2021,1,18,0,0,2,1,972462,71
425,2021-01-19,2021,1,19,1,0,2,71,972462,73
426,2021-01-20,2021,1,20,2,0,2,73,972462,77
427,2021-01-21,2021,1,21,3,0,2,77,972462,75
428,2021-01-22,2021,1,22,4,0,2,75,972462,53
429,2021-01-25,2021,1,25,0,0,2,53,972462,59
430,2021-01-26,2021,1,26,1,0,3,59,972462,59
431,2021-01-27,2021,1,27,2,0,3,59,972462,68
432,2021-01-28,2021,1,28,3,0,3,68,972462,59
433,2021-01-29,2021,1,29,4,0,3,59,972462,64
434,2021-02-01,2021,2,1,0,0,1,64,1218827,57
435,2021-02-02,2021,2,2,1,0,1,57,1218827,65
436,2021-02-03,2021,2,3,2,0,1,65,1218827,36
437,2021-02-04,2021,2,4,3,0,1,36,1218827,45
438,2021-02-05,2021,2,5,4,0,1,45,1218827,44
439,2021-02-08,2021,2,8,0,0,2,44,1218827,34
440,2021-02-09,2021,2,9,1,0,2,34,1218827,44
441,2021-02-10,2021,2,10,2,0,2,44,1218827,71
442,2021-02-11,2021,2,11,3,0,2,71,1218827,35
443,2021-02-12,2021,2,12,4,0,2,35,1218827,58
444,2021-02-15,2021,2,15,0,0,2,58,1218827,57
445,2021-02-16,2021,2,16,1,0,2,57,1218827,64
446,2021-02-17,2021,2,17,2,0,2,64,1218827,43
447,2021-02-18,2021,2,18,3,0,2,43,1218827,50
448,2021-02-19,2021,2,19,4,0,2,50,1218827,46
449,2021-02-20,2021,2,20,5,0,2,46,1218827,40
450,2021-02-24,2021,2,24,2,0,2,40,1218827,55
451,2021-02-25,2021,2,25,3,0,2,55,1218827,91
452,2021-02-26,2021,2,26,4,0,3,91,1218827,72
453,2021-03-01,2021,3,1,0,0,1,72,1164554,58
454,2021-03-02,2021,3,2,1,0,1,58,1164554,61
455,2021-03-03,2021,3,3,2,0,1,61,1164554,44
456,2021-03-04,2021,3,4,3,0,1,44,1164554,48
457,2021-03-05,2021,3,5,4,0,1,48,1164554,40
458,2021-03-09,2021,3,9,1,0,2,40,1164554,55
459,2021-03-10,2021,3,10,2,0,2,55,1164554,56
460,2021-03-11,2021,3,11,3,0,2,56,1164554,79
461,2021-03-12,2021,3,12,4,0,2,79,1164554,65
462,2021-03-15,2021,3,15,0,0,2,65,1164554,75
463,2021-03-16,2021,3,16,1,0,2,75,1164554,75
464,2021-03-17,2021,3,17,2,0,2,75,1164554,68
465,2021-03-18,2021,3,18,3,0,2,68,1164554,75
466,2021-03-19,2021,3,19,4,0,2,75,1164554,71
467,2021-03-22,2021,3,22,0,0,2,71,1164554,81
468,2021-03-23,2021,3,23,1,0,2,81,1164554,72
469,2021-03-24,2021,3,24,2,0,2,72,1164554,66
470,2021-03-25,2021,3,25,3,0,2,66,1164554,53
471,2021-03-26,2021,3,26,4,0,3,53,1164554,73
472,2021-03-29,2021,3,29,0,0,3,73,1164554,49
473,2021-03-30,2021,3,30,1,0,3,49,1164554,55
474,2021-03-31,2021,3,31,2,0,3,55,1164554,34
475,2021-04-01,2021,4,1,3,0,1,34,1400562,80
476,2021-04-02,2021,4,2,4,0,1,80,1400562,54
477,2021-04-05,2021,4,5,0,0,1,54,1400562,75
478,2021-04-06,2021,4,6,1,0,1,75,1400562,66
479,2021-04-07,2021,4,7,2,0,2,66,1400562,57
480,2021-04-08,2021,4,8,3,0,2,57,1400562,64
481,2021-04-09,2021,4,9,4,0,2,64,1400562,59
482,2021-04-12,2021,4,12,0,0,2,59,1400562,71
483,2021-04-13,2021,4,13,1,0,2,71,1400562,65
484,2021-04-14,2021,4,14,2,0,2,65,1400562,57
485,2021-04-15,2021,4,15,3,0,2,57,1400562,50
486,2021-04-16,2021,4,16,4,0,2,50,1400562,51
487,2021-04-19,2021,4,19,0,0,2,51,1400562,43
488,2021-04-20,2021,4,20,1,0,2,43,1400562,54
489,2021-04-21,2021,4,21,2,0,2,54,1400562,66
490,2021-04-22,2021,4,22,3,0,2,66,1400562,58
491,2021-04-23,2021,4,23,4,0,2,58,1400562,65
492,2021-04-26,2021,4,26,0,0,3,65,1400562,56
493,2021-04-27,2021,4,27,1,0,3,56,1400562,50
494,2021-04-28,2021,4,28,2,0,3,50,1400562,44
495,2021-04-29,2021,4,29,3,0,3,44,1400562,61
496,2021-04-30,2021,4,30,4,0,3,61,1400562,49
497,2021-05-02,2021,5,2,6,1,1,49,1171912,1
498,2021-05-04,2021,5,4,1,1,1,1,1171912,4
499,2021-05-05,2021,5,5,2,1,1,4,1171912,9
500,2021-05-06,2021,5,6,3,0,1,9,1171912,13
501,2021-05-07,2021,5,7,4,1,2,13,1171912,2
502,2021-05-11,2021,5,11,1,0,2,2,1171912,65
503,2021-05-12,2021,5,12,2,0,2,65,1171912,58
504,2021-05-13,2021,5,13,3,0,2,58,1171912,56
505,2021-05-14,2021,5,14,4,0,2,56,1171912,57
506,2021-05-15,2021,5,15,5,0,2,57,1171912,12
507,2021-05-17,2021,5,17,0,0,2,12,1171912,66
508,2021-05-18,2021,5,18,1,0,2,66,1171912,49
509,2021-05-19,2021,5,19,2,0,2,49,1171912,42
510,2021-05-20,2021,5,20,3,0,2,42,1171912,43
511,2021-05-21,2021,5,21,4,0,2,43,1171912,63
512,2021-05-24,2021,5,24,0,0,2,63,1171912,49
513,2021-05-25,2021,5,25,1,0,2,49,1171912,71
514,2021-05-26,2021,5,26,2,0,3,71,1171912,59
515,2021-05-27,2021,5,27,3,0,3,59,1171912,70
516,2021-05-28,2021,5,28,4,0,3,70,1171912,31
517,2021-05-31,2021,5,31,0,0,3,31,1171912,54
518,2021-06-01,2021,6,1,1,0,1,54,1426390,39
519,2021-06-02,2021,6,2,2,0,1,39,1426390,56
520,2021-06-03,2021,6,3,3,0,1,56,1426390,32
521,2021-06-04,2021,6,4,4,0,1,32,1426390,35
522,2021-06-07,2021,6,7,0,0,2,35,1426390,43
523,2021-06-08,2021,6,8,1,0,2,43,1426390,50
524,2021-06-09,2021,6,9,2,0,2,50,1426390,53
525,2021-06-10,2021,6,10,3,0,2,53,1426390,34
526,2021-06-11,2021,6,11,4,0,2,34,1426390,54
527,2021-06-15,2021,6,15,1,0,2,54,1426390,56
528,2021-06-16,2021,6,16,2,0,2,56,1426390,71
529,2021-06-17,2021,6,17,3,0,2,71,1426390,71
530,2021-06-18,2021,6,18,4,0,2,71,1426390,45
531,2021-06-21,2021,6,21,0,0,2,45,1426390,41
532,2021-06-22,2021,6,22,1,0,2,41,1426390,40
533,2021-06-23,2021,6,23,2,0,2,40,1426390,44
534,2021-06-24,2021,6,24,3,0,2,44,1426390,63
535,2021-06-25,2021,6,25,4,0,2,63,1426390,51
536,2021-06-28,2021,6,28,0,0,3,51,1426390,70
537,2021-06-29,2021,6,29,1,0,3,70,1426390,57
538,2021-06-30,2021,6,30,2,0,3,57,1426390,57
539,2021-07-01,2021,7,1,3,0,1,57,1262783,67
540,2021-07-02,2021,7,2,4,0,1,67,1262783,37
541,2021-07-05,2021,7,5,0,0,1,37,1262783,31
542,2021-07-06,2021,7,6,1,0,1,31,1262783,51
543,2021-07-07,2021,7,7,2,0,2,51,1262783,47
544,2021-07-08,2021,7,8,3,0,2,47,1262783,54
545,2021-07-09,2021,7,9,4,0,2,54,1262783,47
546,2021-07-12,2021,7,12,0,0,2,47,1262783,57
547,2021-07-13,2021,7,13,1,0,2,57,1262783,47
548,2021-07-14,2021,7,14,2,0,2,47,1262783,50
549,2021-07-15,2021,7,15,3,0,2,50,1262783,73
550,2021-07-16,2021,7,16,4,0,2,73,1262783,66
551,2021-07-19,2021,7,19,0,0,2,66,1262783,49
552,2021-07-20,2021,7,20,1,0,2,49,1262783,62
553,2021-07-21,2021,7,21,2,0,2,62,1262783,56
554,2021-07-22,2021,7,22,3,0,2,56,1262783,45
555,2021-07-23,2021,7,23,4,0,2,45,1262783,54
556,2021-07-26,2021,7,26,0,0,3,54,1262783,40
557,2021-07-27,2021,7,27,1,0,3,40,1262783,34
558,2021-07-28,2021,7,28,2,0,3,34,1262783,56
559,2021-07-29,2021,7,29,3,0,3,56,1262783,43
560,2021-07-30,2021,7,30,4,0,3,43,1262783,51
561,2021-08-02,2021,8,2,0,0,1,51,1576297,67
562,2021-08-03,2021,8,3,1,0,1,67,1576297,47
563,2021-08-04,2021,8,4,2,0,1,47,1576297,52
564,2021-08-05,2021,8,5,3,0,1,52,1576297,57
565,2021-08-06,2021,8,6,4,0,1,57,1576297,75
566,2021-08-09,2021,8,9,0,0,2,75,1576297,51
567,2021-08-10,2021,8,10,1,0,2,51,1576297,45
568,2021-08-11,2021,8,11,2,0,2,45,1576297,76
569,2021-08-12,2021,8,12,3,0,2,76,1576297,81
570,2021-08-13,2021,8,13,4,0,2,81,1576297,65
571,2021-08-16,2021,8,16,0,0,2,65,1576297,78
572,2021-08-17,2021,8,17,1,0,2,78,1576297,35
573,2021-08-18,2021,8,18,2,0,2,35,1576297,61
574,2021-08-19,2021,8,19,3,0,2,61,1576297,58
575,2021-08-20,2021,8,20,4,0,2,58,1576297,55
576,2021-08-23,2021,8,23,0,0,2,55,1576297,51
577,2021-08-24,2021,8,24,1,0,2,51,1576297,39
578,2021-08-25,2021,8,25,2,0,2,39,1576297,81
579,2021-08-26,2021,8,26,3,0,3,81,1576297,74
580,2021-08-27,2021,8,27,4,0,3,74,1576297,34
581,2021-08-30,2021,8,30,0,0,3,34,1576297,58
582,2021-08-31,2021,8,31,1,0,3,58,1576297,65
583,2021-09-01,2021,9,1,2,0,1,65,1228220,70
584,2021-09-02,2021,9,2,3,0,1,70,1228220,55
585,2021-09-03,2021,9,3,4,0,1,55,1228220,48
586,2021-09-06,2021,9,6,0,0,1,48,1228220,69
587,2021-09-07,2021,9,7,1,0,2,69,1228220,64
588,2021-09-08,2021,9,8,2,0,2,64,1228220,43
589,2021-09-09,2021,9,9,3,0,2,43,1228220,52
590,2021-09-10,2021,9,10,4,0,2,52,1228220,46
591,2021-09-13,2021,9,13,0,0,2,46,1228220,59
592,2021-09-14,2021,9,14,1,0,2,59,1228220,63
593,2021-09-15,2021,9,15,2,0,2,63,1228220,36
594,2021-09-16,2021,9,16,3,0,2,36,1228220,66
595,2021-09-17,2021,9,17,4,0,2,66,1228220,50
596,2021-09-20,2021,9,20,0,0,2,50,1228220,76
597,2021-09-21,2021,9,21,1,0,2,76,1228220,70
598,2021-09-22,2021,9,22,2,0,2,70,1228220,34
599,2021-09-23,2021,9,23,3,0,2,34,1228220,55
600,2021-09-24,2021,9,24,4,0,2,55,1228220,55
601,2021-09-27,2021,9,27,0,0,3,55,1228220,70
602,2021-09-28,2021,9,28,1,0,3,70,1228220,36
603,2021-09-29,2021,9,29,2,0,3,36,1228220,57
604,2021-09-30,2021,9,30,3,0,3,57,1228220,49
605,2021-10-01,2021,10,1,4,0,1,49,1193959,41
606,2021-10-04,2021,10,4,0,0,1,41,1193959,42
607,2021-10-05,2021,10,5,1,0,1,42,1193959,45
608,2021-10-06,2021,10,6,2,0,1,45,1193959,35
609,2021-10-07,2021,10,7,3,0,2,35,1193959,50
610,2021-10-08,2021,10,8,4,0,2,50,1193959,43
611,2021-10-11,2021,10,11,0,0,2,43,1193959,44
612,2021-10-12,2021,10,12,1,0,2,44,1193959,46
613,2021-10-13,2021,10,13,2,0,2,46,1193959,42
614,2021-10-14,2021,10,14,3,0,2,42,1193959,48
615,2021-10-15,2021,10,15,4,0,2,48,1193959,58
616,2021-10-18,2021,10,18,0,0,2,58,1193959,63
617,2021-10-19,2021,10,19,1,0,2,63,1193959,43
618,2021-10-20,2021,10,20,2,0,2,43,1193959,61
619,2021-10-21,2021,10,21,3,0,2,61,1193959,43
620,2021-10-22,2021,10,22,4,0,2,43,1193959,27
621,2021-10-25,2021,10,25,0,0,2,27,1193959,44
622,2021-10-26,2021,10,26,1,0,3,44,1193959,58
623,2021-10-27,2021,10,27,2,0,3,58,1193959,50
624,2021-10-28,2021,10,28,3,0,3,50,1193959,50
625,2021-10-29,2021,10,29,4,0,3,50,1193959,59
626,2021-11-01,2021,11,1,0,0,1,59,1281960,74
627,2021-11-02,2021,11,2,1,0,1,74,1281960,60
628,2021-11-03,2021,11,3,2,0,1,60,1281960,50
629,2021-11-07,2021,11,7,6,1,2,50,1281960,1
630,2021-11-08,2021,11,8,0,0,2,1,1281960,58
631,2021-11-09,2021,11,9,1,0,2,58,1281960,41
632,2021-11-10,2021,11,10,2,0,2,41,1281960,57
633,2021-11-11,2021,11,11,3,0,2,57,1281960,47
634,2021-11-12,2021,11,12,4,0,2,47,1281960,49
635,2021-11-15,2021,11,15,0,0,2,49,1281960,54
636,2021-11-16,2021,11,16,1,0,2,54,1281960,60
637,2021-11-17,2021,11,17,2,0,2,60,1281960,57
638,2021-11-18,2021,11,18,3,0,2,57,1281960,89
639,2021-11-19,2021,11,19,4,0,2,89,1281960,38
640,2021-11-22,2021,11,22,0,0,2,38,1281960,68
641,2021-11-23,2021,11,23,1,0,2,68,1281960,37
642,2021-11-24,2021,11,24,2,0,2,37,1281960,33
643,2021-11-25,2021,11,25,3,0,2,33,1281960,49
644,2021-11-26,2021,11,26,4,0,3,49,1281960,54
645,2021-11-29,2021,11,29,0,0,3,54,1281960,99
646,2021-11-30,2021,11,30,1,0,3,99,1281960,64
647,2021-12-01,2021,12,1,2,0,1,64,1837261,60
648,2021-12-02,2021,12,2,3,0,1,60,1837261,61
649,2021-12-03,2021,12,3,4,0,1,61,1837261,48
650,2021-12-06,2021,12,6,0,0,1,48,1837261,47
651,2021-12-07,2021,12,7,1,0,2,47,1837261,37
652,2021-12-08,2021,12,8,2,0,2,37,1837261,47
653,2021-12-09,2021,12,9,3,0,2,47,1837261,45
654,2021-12-10,2021,12,10,4,0,2,45,1837261,41
655,2021-12-13,2021,12,13,0,0,2,41,1837261,46
656,2021-12-14,2021,12,14,1,0,2,46,1837261,54
657,2021-12-15,2021,12,15,2,0,2,54,1837261,51
658,2021-12-16,2021,12,16,3,0,2,51,1837261,43
659,2021-12-17,2021,12,17,4,0,2,43,1837261,41
660,2021-12-20,2021,12,20,0,0,2,41,1837261,50
661,2021-12-21,2021,12,21,1,0,2,50,1837261,45
662,2021-12-22,2021,12,22,2,0,2,45,1837261,33
663,2021-12-23,2021,12,23,3,0,2,33,1837261,60
664,2021-12-24,2021,12,24,4,0,2,60,1837261,39
665,2021-12-27,2021,12,27,0,0,3,39,1837261,53
666,2021-12-28,2021,12,28,1,0,3,53,1837261,50
667,2021-12-29,2021,12,29,2,0,3,50,1837261,26
668,2021-12-30,2021,12,30,3,0,3,26,1837261,22
669,2022-01-10,2022,1,10,0,0,1,22,1073348,101
670,2022-01-11,2022,1,11,1,0,1,101,1073348,55
671,2022-01-12,2022,1,12,2,0,1,55,1073348,88
672,2022-01-13,2022,1,13,3,0,1,88,1073348,66
673,2022-01-14,2022,1,14,4,0,1,66,1073348,65
674,2022-01-17,2022,1,17,0,0,2,65,1073348,75
675,2022-01-18,2022,1,18,1,0,2,75,1073348,58
676,2022-01-19,2022,1,19,2,0,2,58,1073348,89
677,2022-01-20,2022,1,20,3,0,2,89,1073348,58
678,2022-01-21,2022,1,21,4,0,2,58,1073348,55
679,2022-01-24,2022,1,24,0,0,2,55,1073348,74
680,2022-01-25,2022,1,25,1,0,2,74,1073348,53
681,2022-01-26,2022,1,26,2,0,3,53,1073348,50
682,2022-01-27,2022,1,27,3,0,3,50,1073348,52
683,2022-01-28,2022,1,28,4,0,3,52,1073348,46
684,2022-01-31,2022,1,31,0,0,3,46,1073348,71
685,2022-02-01,2022,2,1,1,0,1,71,1235931,59
686,2022-02-02,2022,2,2,2,0,1,59,1235931,75
687,2022-02-03,2022,2,3,3,0,1,75,1235931,74
688,2022-02-04,2022,2,4,4,0,1,74,1235931,55
689,2022-02-07,2022,2,7,0,0,2,55,1235931,54
690,2022-02-08,2022,2,8,1,0,2,54,1235931,55
691,2022-02-09,2022,2,9,2,0,2,55,1235931,57
692,2022-02-10,2022,2,10,3,0,2,57,1235931,56
693,2022-02-11,2022,2,11,4,0,2,56,1235931,49
694,2022-02-14,2022,2,14,0,0,2,49,1235931,41
695,2022-02-15,2022,2,15,1,0,2,41,1235931,52
696,2022-02-16,2022,2,16,2,0,2,52,1235931,97
697,2022-02-17,2022,2,17,3,0,2,97,1235931,60
698,2022-02-18,2022,2,18,4,0,2,60,1235931,55
699,2022-02-21,2022,2,21,0,0,2,55,1235931,80
700,2022-02-22,2022,2,22,1,0,2,80,1235931,53
701,2022-02-24,2022,2,24,3,0,2,53,1235931,60
702,2022-02-25,2022,2,25,4,0,2,60,1235931,44
703,2022-02-28,2022,2,28,0,0,3,44,1235931,70
704,2022-03-01,2022,3,1,1,0,1,70,1311796,70
705,2022-03-02,2022,3,2,2,0,1,70,1311796,60
706,2022-03-03,2022,3,3,3,0,1,60,1311796,54
707,2022-03-04,2022,3,4,4,0,1,54,1311796,48
708,2022-03-05,2022,3,5,5,0,1,48,1311796,53
709,2022-03-06,2022,3,6,6,1,1,53,1311796,1
710,2022-03-09,2022,3,9,2,0,2,1,1311796,70
711,2022-03-10,2022,3,10,3,0,2,70,1311796,53
712,2022-03-11,2022,3,11,4,0,2,53,1311796,41
713,2022-03-14,2022,3,14,0,0,2,41,1311796,70
714,2022-03-15,2022,3,15,1,0,2,70,1311796,65
715,2022-03-16,2022,3,16,2,0,2,65,1311796,45
716,2022-03-17,2022,3,17,3,0,2,45,1311796,50
717,2022-03-18,2022,3,18,4,0,2,50,1311796,57
718,2022-03-21,2022,3,21,0,0,2,57,1311796,45
719,2022-03-22,2022,3,22,1,0,2,45,1311796,53
720,2022-03-23,2022,3,23,2,0,2,53,1311796,57
721,2022-03-24,2022,3,24,3,0,2,57,1311796,53
722,2022-03-25,2022,3,25,4,0,2,53,1311796,30
723,2022-03-28,2022,3,28,0,0,3,30,1311796,58
724,2022-03-29,2022,3,29,1,0,3,58,1311796,52
725,2022-03-30,2022,3,30,2,0,3,52,1311796,35
726,2022-03-31,2022,3,31,3,0,3,35,1311796,44
727,2022-04-01,2022,4,1,4,0,1,44,1295258,44
728,2022-04-04,2022,4,4,0,0,1,44,1295258,37
729,2022-04-05,2022,4,5,1,0,1,37,1295258,46
730,2022-04-06,2022,4,6,2,0,1,46,1295258,55
731,2022-04-07,2022,4,7,3,0,2,55,1295258,56
732,2022-04-08,2022,4,8,4,0,2,56,1295258,52
733,2022-04-11,2022,4,11,0,0,2,52,1295258,50
734,2022-04-12,2022,4,12,1,0,2,50,1295258,60
735,2022-04-13,2022,4,13,2,0,2,60,1295258,78
736,2022-04-14,2022,4,14,3,0,2,78,1295258,42
737,2022-04-15,2022,4,15,4,0,2,42,1295258,48
738,2022-04-18,2022,4,18,0,0,2,48,1295258,79
739,2022-04-19,2022,4,19,1,0,2,79,1295258,55
740,2022-04-20,2022,4,20,2,0,2,55,1295258,39
741,2022-04-21,2022,4,21,3,0,2,39,1295258,48
742,2022-04-22,2022,4,22,4,0,2,48,1295258,25
743,2022-04-25,2022,4,25,0,0,2,25,1295258,65
744,2022-04-26,2022,4,26,1,0,3,65,1295258,52
745,2022-04-27,2022,4,27,2,0,3,52,1295258,53
746,2022-04-28,2022,4,28,3,0,3,53,1295258,54
747,2022-04-29,2022,4,29,4,0,3,54,1295258,72
748,2022-05-04,2022,5,4,2,0,1,72,1153762,66
749,2022-05-05,2022,5,5,3,0,1,66,1153762,62
750,2022-05-06,2022,5,6,4,0,1,62,1153762,53
751,2022-05-07,2022,5,7,5,1,2,53,1153762,1
752,2022-05-10,2022,5,10,1,1,2,1,1153762,1
753,2022-05-11,2022,5,11,2,0,2,1,1153762,45
754,2022-05-12,2022,5,12,3,0,2,45,1153762,55
755,2022-05-13,2022,5,13,4,0,2,55,1153762,49
756,2022-05-16,2022,5,16,0,0,2,49,1153762,72
757,2022-05-17,2022,5,17,1,0,2,72,1153762,64
758,2022-05-18,2022,5,18,2,0,2,64,1153762,60
759,2022-05-19,2022,5,19,3,0,2,60,1153762,52
760,2022-05-20,2022,5,20,4,0,2,52,1153762,45
761,2022-05-22,2022,5,22,6,1,2,45,1153762,1
762,2022-05-23,2022,5,23,0,0,2,1,1153762,56
763,2022-05-24,2022,5,24,1,0,2,56,1153762,50
764,2022-05-25,2022,5,25,2,0,2,50,1153762,73
765,2022-05-26,2022,5,26,3,0,3,73,1153762,45
766,2022-05-27,2022,5,27,4,0,3,45,1153762,41
767,2022-05-29,2022,5,29,6,1,3,41,1153762,1
768,2022-05-30,2022,5,30,0,0,3,1,1153762,82
769,2022-05-31,2022,5,31,1,0,3,82,1153762,59
770,2022-06-01,2022,6,1,2,0,1,59,1385341,53
771,2022-06-02,2022,6,2,3,0,1,53,1385341,34
772,2022-06-03,2022,6,3,4,0,1,34,1385341,49
773,2022-06-06,2022,6,6,0,0,1,49,1385341,51
774,2022-06-07,2022,6,7,1,0,2,51,1385341,56
775,2022-06-08,2022,6,8,2,0,2,56,1385341,29
776,2022-06-09,2022,6,9,3,0,2,29,1385341,41
777,2022-06-10,2022,6,10,4,0,2,41,1385341,49
778,2022-06-13,2022,6,13,0,1,2,49,1385341,8
779,2022-06-14,2022,6,14,1,0,2,8,1385341,56
780,2022-06-15,2022,6,15,2,0,2,56,1385341,43
781,2022-06-16,2022,6,16,3,0,2,43,1385341,73
782,2022-06-17,2022,6,17,4,0,2,73,1385341,53
783,2022-06-20,2022,6,20,0,0,2,53,1385341,71
784,2022-06-21,2022,6,21,1,0,2,71,1385341,65
785,2022-06-22,2022,6,22,2,0,2,65,1385341,56
786,2022-06-23,2022,6,23,3,0,2,56,1385341,31
787,2022-06-24,2022,6,24,4,0,2,31,1385341,48
788,2022-06-27,2022,6,27,0,0,3,48,1385341,51
789,2022-06-28,2022,6,28,1,0,3,51,1385341,34
790,2022-06-29,2022,6,29,2,0,3,34,1385341,64
791,2022-06-30,2022,6,30,3,0,3,64,1385341,45
792,2022-07-01,2022,7,1,4,0,1,45,1297803,46
793,2022-07-04,2022,7,4,0,0,1,46,1297803,51
794,2022-07-05,2022,7,5,1,0,1,51,1297803,40
795,2022-07-06,2022,7,6,2,0,1,40,1297803,76
796,2022-07-07,2022,7,7,3,0,2,76,1297803,35
797,2022-07-08,2022,7,8,4,0,2,35,1297803,54
798,2022-07-11,2022,7,11,0,0,2,54,1297803,40
799,2022-07-12,2022,7,12,1,0,2,40,1297803,44
800,2022-07-13,2022,7,13,2,0,2,44,1297803,35
801,2022-07-14,2022,7,14,3,0,2,35,1297803,45
802,2022-07-15,2022,7,15,4,0,2,45,1297803,53
803,2022-07-18,2022,7,18,0,0,2,53,1297803,61
804,2022-07-19,2022,7,19,1,0,2,61,1297803,65
805,2022-07-20,2022,7,20,2,0,2,65,1297803,52
806,2022-07-21,2022,7,21,3,0,2,52,1297803,72
807,2022-07-22,2022,7,22,4,0,2,72,1297803,36
808,2022-07-25,2022,7,25,0,0,2,36,1297803,44
809,2022-07-26,2022,7,26,1,0,3,44,1297803,52
810,2022-07-27,2022,7,27,2,0,3,52,1297803,35
811,2022-07-28,2022,7,28,3,0,3,35,1297803,56
812,2022-07-29,2022,7,29,4,0,3,56,1297803,45
813,2022-08-01,2022,8,1,0,0,1,45,1587543,46
814,2022-08-02,2022,8,2,1,0,1,46,1587543,42
815,2022-08-03,2022,8,3,2,0,1,42,1587543,37
816,2022-08-04,2022,8,4,3,0,1,37,1587543,49
817,2022-08-05,2022,8,5,4,0,1,49,1587543,49
818,2022-08-08,2022,8,8,0,0,2,49,1587543,44
819,2022-08-09,2022,8,9,1,0,2,44,1587543,42
820,2022-08-10,2022,8,10,2,0,2,42,1587543,46
821,2022-08-11,2022,8,11,3,0,2,46,1587543,41
822,2022-08-12,2022,8,12,4,0,2,41,1587543,36
823,2022-08-15,2022,8,15,0,0,2,36,1587543,57
824,2022-08-16,2022,8,16,1,0,2,57,1587543,48
825,2022-08-17,2022,8,17,2,0,2,48,1587543,71
826,2022-08-18,2022,8,18,3,0,2,71,1587543,38
827,2022-08-19,2022,8,19,4,0,2,38,1587543,39
828,2022-08-22,2022,8,22,0,0,2,39,1587543,63
829,2022-08-23,2022,8,23,1,0,2,63,1587543,67
830,2022-08-24,2022,8,24,2,0,2,67,1587543,53
831,2022-08-25,2022,8,25,3,0,2,53,1587543,48
832,2022-08-26,2022,8,26,4,0,3,48,1587543,33
833,2022-08-29,2022,8,29,0,0,3,33,1587543,36
834,2022-08-30,2022,8,30,1,0,3,36,1587543,52
835,2022-08-31,2022,8,31,2,0,3,52,1587543,38
836,2022-09-01,2022,9,1,3,0,1,38,1877790,51
837,2022-09-02,2022,9,2,4,0,1,51,1877790,60
838,2022-09-05,2022,9,5,0,0,1,60,1877790,64
839,2022-09-06,2022,9,6,1,0,1,64,1877790,58
840,2022-09-07,2022,9,7,2,0,2,58,1877790,40
841,2022-09-08,2022,9,8,3,0,2,40,1877790,25
842,2022-09-09,2022,9,9,4,0,2,25,1877790,71
843,2022-09-12,2022,9,12,0,0,2,71,1877790,49
844,2022-09-13,2022,9,13,1,0,2,49,1877790,37
845,2022-09-14,2022,9,14,2,0,2,37,1877790,62
846,2022-09-15,2022,9,15,3,0,2,62,1877790,58
847,2022-09-16,2022,9,16,4,0,2,58,1877790,67
848,2022-09-17,2022,9,17,5,1,2,67,1877790,2
849,2022-09-18,2022,9,18,6,1,2,2,1877790,2
850,2022-09-19,2022,9,19,0,0,2,2,1877790,58
851,2022-09-20,2022,9,20,1,0,2,58,1877790,79
852,2022-09-21,2022,9,21,2,0,2,79,1877790,84
853,2022-09-22,2022,9,22,3,0,2,84,1877790,90
854,2022-09-23,2022,9,23,4,0,2,90,1877790,58
855,2022-09-26,2022,9,26,0,0,3,58,1877790,53
856,2022-09-27,2022,9,27,1,0,3,53,1877790,55
857,2022-09-28,2022,9,28,2,0,3,55,1877790,92
858,2022-09-29,2022,9,29,3,0,3,92,1877790,62
859,2022-09-30,2022,9,30,4,0,3,62,1877790,45
860,2022-10-03,2022,10,3,0,0,1,45,1094126,74
861,2022-10-04,2022,10,4,1,0,1,74,1094126,92
862,2022-10-05,2022,10,5,2,0,1,92,1094126,63
863,2022-10-06,2022,10,6,3,0,1,63,1094126,63
864,2022-10-07,2022,10,7,4,0,2,63,1094126,40
865,2022-10-10,2022,10,10,0,0,2,40,1094126,62
866,2022-10-11,2022,10,11,1,0,2,62,1094126,32
867,2022-10-12,2022,10,12,2,0,2,32,1094126,52
868,2022-10-13,2022,10,13,3,0,2,52,1094126,37
869,2022-10-14,2022,10,14,4,0,2,37,1094126,49
870,2022-10-17,2022,10,17,0,0,2,49,1094126,56
871,2022-10-18,2022,10,18,1,0,2,56,1094126,52
872,2022-10-19,2022,10,19,2,0,2,52,1094126,54
873,2022-10-20,2022,10,20,3,0,2,54,1094126,45
874,2022-10-21,2022,10,21,4,0,2,45,1094126,61
875,2022-10-24,2022,10,24,0,0,2,61,1094126,60
876,2022-10-25,2022,10,25,1,0,2,60,1094126,60
877,2022-10-26,2022,10,26,2,0,3,60,1094126,35
878,2022-10-27,2022,10,27,3,0,3,35,1094126,49
879,2022-10-28,2022,10,28,4,0,3,49,1094126,46
880,2022-10-31,2022,10,31,0,0,3,46,1094126,51
881,2022-11-01,2022,11,1,1,0,1,51,1166717,31
882,2022-11-02,2022,11,2,2,0,1,31,1166717,69
883,2022-11-03,2022,11,3,3,0,1,69,1166717,49
884,2022-11-04,2022,11,4,4,1,1,49,1166717,1
885,2022-11-07,2022,11,7,0,0,2,1,1166717,49
886,2022-11-08,2022,11,8,1,0,2,49,1166717,36
887,2022-11-09,2022,11,9,2,0,2,36,1166717,50
888,2022-11-10,2022,11,10,3,0,2,50,1166717,37
889,2022-11-11,2022,11,11,4,0,2,37,1166717,43
890,2022-11-14,2022,11,14,0,0,2,43,1166717,46
891,2022-11-15,2022,11,15,1,0,2,46,1166717,76
892,2022-11-16,2022,11,16,2,0,2,76,1166717,60
893,2022-11-17,2022,11,17,3,0,2,60,1166717,43
894,2022-11-18,2022,11,18,4,0,2,43,1166717,67
895,2022-11-21,2022,11,21,0,0,2,67,1166717,53
896,2022-11-22,2022,11,22,1,0,2,53,1166717,81
897,2022-11-23,2022,11,23,2,0,2,81,1166717,76
898,2022-11-24,2022,11,24,3,0,2,76,1166717,71
899,2022-11-25,2022,11,25,4,0,2,71,1166717,39
900,2022-11-27,2022,11,27,6,1,3,39,1166717,3
901,2022-11-28,2022,11,28,0,0,3,3,1166717,48
902,2022-11-29,2022,11,29,1,0,3,48,1166717,54
903,2022-11-30,2022,11,30,2,0,3,54,1166717,60
904,2022-12-01,2022,12,1,3,0,1,60,1353118,48
905,2022-12-02,2022,12,2,4,0,1,48,1353118,38
906,2022-12-05,2022,12,5,0,0,1,38,1353118,65
907,2022-12-06,2022,12,6,1,0,1,65,1353118,44
908,2022-12-07,2022,12,7,2,0,2,44,1353118,56
909,2022-12-08,2022,12,8,3,0,2,56,1353118,54
910,2022-12-09,2022,12,9,4,0,2,54,1353118,50
911,2022-12-12,2022,12,12,0,0,2,50,1353118,88
912,2022-12-13,2022,12,13,1,0,2,88,1353118,105
913,2022-12-14,2022,12,14,2,0,2,105,1353118,56
914,2022-12-15,2022,12,15,3,0,2,56,1353118,37
915,2022-12-16,2022,12,16,4,0,2,37,1353118,45
916,2022-12-19,2022,12,19,0,0,2,45,1353118,59
917,2022-12-20,2022,12,20,1,0,2,59,1353118,72
918,2022-12-21,2022,12,21,2,0,2,72,1353118,31
919,2022-12-22,2022,12,22,3,0,2,31,1353118,43
920,2022-12-23,2022,12,23,4,0,2,43,1353118,47
921,2022-12-26,2022,12,26,0,0,3,47,1353118,58
922,2022-12-27,2022,12,27,1,0,3,58,1353118,43
923,2022-12-28,2022,12,28,2,0,3,43,1353118,43
924,2022-12-29,2022,12,29,3,0,3,43,1353118,36
925,2022-12-30,2022,12,30,4,0,3,36,1353118,32
926,2023-01-05,2023,1,5,3,1,1,32,1012105,2
927,2023-01-09,2023,1,9,0,0,1,2,1012105,79
928,2023-01-10,2023,1,10,1,0,1,79,1012105,59
929,2023-01-11,2023,1,11,2,0,1,59,1012105,38
930,2023-01-12,2023,1,12,3,0,1,38,1012105,42
931,2023-01-13,2023,1,13,4,0,1,42,1012105,54
932,2023-01-16,2023,1,16,0,0,2,54,1012105,75
933,2023-01-17,2023,1,17,1,0,2,75,1012105,52
934,2023-01-18,2023,1,18,2,0,2,52,1012105,51
935,2023-01-19,2023,1,19,3,0,2,51,1012105,48
936,2023-01-20,2023,1,20,4,0,2,48,1012105,31
937,2023-01-23,2023,1,23,0,0,2,31,1012105,75
938,2023-01-24,2023,1,24,1,0,2,75,1012105,41
939,2023-01-25,2023,1,25,2,0,2,41,1012105,44
940,2023-01-26,2023,1,26,3,0,3,44,1012105,37
941,2023-01-27,2023,1,27,4,0,3,37,1012105,59
942,2023-01-28,2023,1,28,5,1,3,59,1012105,2
943,2023-01-30,2023,1,30,0,0,3,2,1012105,47
944,2023-01-31,2023,1,31,1,0,3,47,1012105,55
945,2023-02-01,2023,2,1,2,0,1,55,982266,62
946,2023-02-02,2023,2,2,3,0,1,62,982266,84
947,2023-02-03,2023,2,3,4,0,1,84,982266,58
948,2023-02-06,2023,2,6,0,0,1,58,982266,80
949,2023-02-07,2023,2,7,1,0,2,80,982266,87
950,2023-02-08,2023,2,8,2,0,2,87,982266,93
951,2023-02-09,2023,2,9,3,0,2,93,982266,68
952,2023-02-10,2023,2,10,4,0,2,68,982266,54
953,2023-02-13,2023,2,13,0,0,2,54,982266,63
954,2023-02-14,2023,2,14,1,0,2,63,982266,44
955,2023-02-15,2023,2,15,2,0,2,44,982266,48
956,2023-02-16,2023,2,16,3,0,2,48,982266,68
957,2023-02-17,2023,2,17,4,0,2,68,982266,66
958,2023-02-18,2023,2,18,5,1,2,66,982266,1
959,2023-02-20,2023,2,20,0,0,2,1,982266,66
960,2023-02-21,2023,2,21,1,0,2,66,982266,69
961,2023-02-22,2023,2,22,2,0,2,69,982266,60
962,2023-02-24,2023,2,24,4,1,2,60,982266,4
963,2023-02-25,2023,2,25,5,1,2,4,982266,1
964,2023-02-27,2023,2,27,0,0,3,1,982266,57
965,2023-02-28,2023,2,28,1,0,3,57,982266,67
966,2023-03-01,2023,3,1,2,0,1,67,0,68
967,2023-03-02,2023,3,2,3,0,1,68,0,63
968,2023-03-03,2023,3,3,4,0,1,63,0,55
969,2023-03-04,2023,3,4,5,1,1,55,0,1
970,2023-03-06,2023,3,6,0,0,1,1,0,71
971,2023-03-07,2023,3,7,1,0,2,71,0,69
972,2023-03-09,2023,3,9,3,0,2,69,0,61
973,2023-03-10,2023,3,10,4,0,2,61,0,54
974,2023-03-12,2023,3,12,6,1,2,54,0,1
975,2023-03-13,2023,3,13,0,0,2,1,0,77
976,2023-03-14,2023,3,14,1,0,2,77,0,58
